--
-- PostgreSQL database cluster dump
--

SET default_transaction_read_only = off;

SET client_encoding = 'UTF8';
SET standard_conforming_strings = on;

--
-- Roles
--

CREATE ROLE miusuario;
ALTER ROLE miusuario WITH SUPERUSER INHERIT CREATEROLE CREATEDB LOGIN REPLICATION BYPASSRLS PASSWORD 'md5a1dffe3a18b552deb9fcc7a18eb4f7f9';






--
-- Databases
--

--
-- Database "template1" dump
--

\connect template1

--
-- PostgreSQL database dump
--

-- Dumped from database version 13.20 (Debian 13.20-1.pgdg120+1)
-- Dumped by pg_dump version 13.20 (Debian 13.20-1.pgdg120+1)

SET statement_timeout = 0;
SET lock_timeout = 0;
SET idle_in_transaction_session_timeout = 0;
SET client_encoding = 'UTF8';
SET standard_conforming_strings = on;
SELECT pg_catalog.set_config('search_path', '', false);
SET check_function_bodies = false;
SET xmloption = content;
SET client_min_messages = warning;
SET row_security = off;

--
-- PostgreSQL database dump complete
--

--
-- Database "dbsens" dump
--

--
-- PostgreSQL database dump
--

-- Dumped from database version 13.20 (Debian 13.20-1.pgdg120+1)
-- Dumped by pg_dump version 13.20 (Debian 13.20-1.pgdg120+1)

SET statement_timeout = 0;
SET lock_timeout = 0;
SET idle_in_transaction_session_timeout = 0;
SET client_encoding = 'UTF8';
SET standard_conforming_strings = on;
SELECT pg_catalog.set_config('search_path', '', false);
SET check_function_bodies = false;
SET xmloption = content;
SET client_min_messages = warning;
SET row_security = off;

--
-- Name: dbsens; Type: DATABASE; Schema: -; Owner: miusuario
--

CREATE DATABASE dbsens WITH TEMPLATE = template0 ENCODING = 'UTF8' LOCALE = 'en_US.utf8';


ALTER DATABASE dbsens OWNER TO miusuario;

\connect dbsens

SET statement_timeout = 0;
SET lock_timeout = 0;
SET idle_in_transaction_session_timeout = 0;
SET client_encoding = 'UTF8';
SET standard_conforming_strings = on;
SELECT pg_catalog.set_config('search_path', '', false);
SET check_function_bodies = false;
SET xmloption = content;
SET client_min_messages = warning;
SET row_security = off;

SET default_tablespace = '';

SET default_table_access_method = heap;

--
-- Name: api_centralsystem; Type: TABLE; Schema: public; Owner: miusuario
--

CREATE TABLE public.api_centralsystem (
    id bigint NOT NULL,
    name character varying(100) NOT NULL
);


ALTER TABLE public.api_centralsystem OWNER TO miusuario;

--
-- Name: api_centralsystem_id_seq; Type: SEQUENCE; Schema: public; Owner: miusuario
--

ALTER TABLE public.api_centralsystem ALTER COLUMN id ADD GENERATED BY DEFAULT AS IDENTITY (
    SEQUENCE NAME public.api_centralsystem_id_seq
    START WITH 1
    INCREMENT BY 1
    NO MINVALUE
    NO MAXVALUE
    CACHE 1
);


--
-- Name: api_customuser; Type: TABLE; Schema: public; Owner: miusuario
--

CREATE TABLE public.api_customuser (
    id bigint NOT NULL,
    password character varying(128) NOT NULL,
    last_login timestamp with time zone,
    is_superuser boolean NOT NULL,
    username character varying(150) NOT NULL,
    first_name character varying(150) NOT NULL,
    last_name character varying(150) NOT NULL,
    email character varying(254) NOT NULL,
    is_staff boolean NOT NULL,
    is_active boolean NOT NULL,
    date_joined timestamp with time zone NOT NULL,
    role character varying(10) NOT NULL
);


ALTER TABLE public.api_customuser OWNER TO miusuario;

--
-- Name: api_customuser_groups; Type: TABLE; Schema: public; Owner: miusuario
--

CREATE TABLE public.api_customuser_groups (
    id bigint NOT NULL,
    customuser_id bigint NOT NULL,
    group_id integer NOT NULL
);


ALTER TABLE public.api_customuser_groups OWNER TO miusuario;

--
-- Name: api_customuser_groups_id_seq; Type: SEQUENCE; Schema: public; Owner: miusuario
--

ALTER TABLE public.api_customuser_groups ALTER COLUMN id ADD GENERATED BY DEFAULT AS IDENTITY (
    SEQUENCE NAME public.api_customuser_groups_id_seq
    START WITH 1
    INCREMENT BY 1
    NO MINVALUE
    NO MAXVALUE
    CACHE 1
);


--
-- Name: api_customuser_id_seq; Type: SEQUENCE; Schema: public; Owner: miusuario
--

ALTER TABLE public.api_customuser ALTER COLUMN id ADD GENERATED BY DEFAULT AS IDENTITY (
    SEQUENCE NAME public.api_customuser_id_seq
    START WITH 1
    INCREMENT BY 1
    NO MINVALUE
    NO MAXVALUE
    CACHE 1
);


--
-- Name: api_customuser_user_permissions; Type: TABLE; Schema: public; Owner: miusuario
--

CREATE TABLE public.api_customuser_user_permissions (
    id bigint NOT NULL,
    customuser_id bigint NOT NULL,
    permission_id integer NOT NULL
);


ALTER TABLE public.api_customuser_user_permissions OWNER TO miusuario;

--
-- Name: api_customuser_user_permissions_id_seq; Type: SEQUENCE; Schema: public; Owner: miusuario
--

ALTER TABLE public.api_customuser_user_permissions ALTER COLUMN id ADD GENERATED BY DEFAULT AS IDENTITY (
    SEQUENCE NAME public.api_customuser_user_permissions_id_seq
    START WITH 1
    INCREMENT BY 1
    NO MINVALUE
    NO MAXVALUE
    CACHE 1
);


--
-- Name: api_machine; Type: TABLE; Schema: public; Owner: miusuario
--

CREATE TABLE public.api_machine (
    id bigint NOT NULL,
    name character varying(100) NOT NULL,
    is_on boolean NOT NULL,
    central_id bigint NOT NULL,
    user_id integer NOT NULL,
    gps jsonb NOT NULL,
    predictivo boolean NOT NULL
);


ALTER TABLE public.api_machine OWNER TO miusuario;

--
-- Name: api_machine_id_seq; Type: SEQUENCE; Schema: public; Owner: miusuario
--

ALTER TABLE public.api_machine ALTER COLUMN id ADD GENERATED BY DEFAULT AS IDENTITY (
    SEQUENCE NAME public.api_machine_id_seq
    START WITH 1
    INCREMENT BY 1
    NO MINVALUE
    NO MAXVALUE
    CACHE 1
);


--
-- Name: api_programador; Type: TABLE; Schema: public; Owner: miusuario
--

CREATE TABLE public.api_programador (
    id integer NOT NULL,
    "Usuario" character varying(100) NOT NULL,
    "Clave" character varying(50) NOT NULL,
    "Email" character varying(254)
);


ALTER TABLE public.api_programador OWNER TO miusuario;

--
-- Name: api_programador_id_seq; Type: SEQUENCE; Schema: public; Owner: miusuario
--

ALTER TABLE public.api_programador ALTER COLUMN id ADD GENERATED BY DEFAULT AS IDENTITY (
    SEQUENCE NAME public.api_programador_id_seq
    START WITH 1
    INCREMENT BY 1
    NO MINVALUE
    NO MAXVALUE
    CACHE 1
);


--
-- Name: api_registro; Type: TABLE; Schema: public; Owner: miusuario
--

CREATE TABLE public.api_registro (
    id bigint NOT NULL,
    "Fecha" date NOT NULL,
    "TimeStamp" timestamp with time zone NOT NULL,
    "Pressure" double precision NOT NULL,
    "Current" double precision NOT NULL,
    "Temperature" double precision NOT NULL,
    "Voltage" double precision NOT NULL,
    machine_id bigint NOT NULL
);


ALTER TABLE public.api_registro OWNER TO miusuario;

--
-- Name: api_registro_id_seq; Type: SEQUENCE; Schema: public; Owner: miusuario
--

ALTER TABLE public.api_registro ALTER COLUMN id ADD GENERATED BY DEFAULT AS IDENTITY (
    SEQUENCE NAME public.api_registro_id_seq
    START WITH 1
    INCREMENT BY 1
    NO MINVALUE
    NO MAXVALUE
    CACHE 1
);


--
-- Name: auth_group; Type: TABLE; Schema: public; Owner: miusuario
--

CREATE TABLE public.auth_group (
    id integer NOT NULL,
    name character varying(150) NOT NULL
);


ALTER TABLE public.auth_group OWNER TO miusuario;

--
-- Name: auth_group_id_seq; Type: SEQUENCE; Schema: public; Owner: miusuario
--

ALTER TABLE public.auth_group ALTER COLUMN id ADD GENERATED BY DEFAULT AS IDENTITY (
    SEQUENCE NAME public.auth_group_id_seq
    START WITH 1
    INCREMENT BY 1
    NO MINVALUE
    NO MAXVALUE
    CACHE 1
);


--
-- Name: auth_group_permissions; Type: TABLE; Schema: public; Owner: miusuario
--

CREATE TABLE public.auth_group_permissions (
    id bigint NOT NULL,
    group_id integer NOT NULL,
    permission_id integer NOT NULL
);


ALTER TABLE public.auth_group_permissions OWNER TO miusuario;

--
-- Name: auth_group_permissions_id_seq; Type: SEQUENCE; Schema: public; Owner: miusuario
--

ALTER TABLE public.auth_group_permissions ALTER COLUMN id ADD GENERATED BY DEFAULT AS IDENTITY (
    SEQUENCE NAME public.auth_group_permissions_id_seq
    START WITH 1
    INCREMENT BY 1
    NO MINVALUE
    NO MAXVALUE
    CACHE 1
);


--
-- Name: auth_permission; Type: TABLE; Schema: public; Owner: miusuario
--

CREATE TABLE public.auth_permission (
    id integer NOT NULL,
    name character varying(255) NOT NULL,
    content_type_id integer NOT NULL,
    codename character varying(100) NOT NULL
);


ALTER TABLE public.auth_permission OWNER TO miusuario;

--
-- Name: auth_permission_id_seq; Type: SEQUENCE; Schema: public; Owner: miusuario
--

ALTER TABLE public.auth_permission ALTER COLUMN id ADD GENERATED BY DEFAULT AS IDENTITY (
    SEQUENCE NAME public.auth_permission_id_seq
    START WITH 1
    INCREMENT BY 1
    NO MINVALUE
    NO MAXVALUE
    CACHE 1
);


--
-- Name: auth_user; Type: TABLE; Schema: public; Owner: miusuario
--

CREATE TABLE public.auth_user (
    id integer NOT NULL,
    password character varying(128) NOT NULL,
    last_login timestamp with time zone,
    is_superuser boolean NOT NULL,
    username character varying(150) NOT NULL,
    first_name character varying(150) NOT NULL,
    last_name character varying(150) NOT NULL,
    email character varying(254) NOT NULL,
    is_staff boolean NOT NULL,
    is_active boolean NOT NULL,
    date_joined timestamp with time zone NOT NULL
);


ALTER TABLE public.auth_user OWNER TO miusuario;

--
-- Name: auth_user_groups; Type: TABLE; Schema: public; Owner: miusuario
--

CREATE TABLE public.auth_user_groups (
    id bigint NOT NULL,
    user_id integer NOT NULL,
    group_id integer NOT NULL
);


ALTER TABLE public.auth_user_groups OWNER TO miusuario;

--
-- Name: auth_user_groups_id_seq; Type: SEQUENCE; Schema: public; Owner: miusuario
--

ALTER TABLE public.auth_user_groups ALTER COLUMN id ADD GENERATED BY DEFAULT AS IDENTITY (
    SEQUENCE NAME public.auth_user_groups_id_seq
    START WITH 1
    INCREMENT BY 1
    NO MINVALUE
    NO MAXVALUE
    CACHE 1
);


--
-- Name: auth_user_id_seq; Type: SEQUENCE; Schema: public; Owner: miusuario
--

ALTER TABLE public.auth_user ALTER COLUMN id ADD GENERATED BY DEFAULT AS IDENTITY (
    SEQUENCE NAME public.auth_user_id_seq
    START WITH 1
    INCREMENT BY 1
    NO MINVALUE
    NO MAXVALUE
    CACHE 1
);


--
-- Name: auth_user_user_permissions; Type: TABLE; Schema: public; Owner: miusuario
--

CREATE TABLE public.auth_user_user_permissions (
    id bigint NOT NULL,
    user_id integer NOT NULL,
    permission_id integer NOT NULL
);


ALTER TABLE public.auth_user_user_permissions OWNER TO miusuario;

--
-- Name: auth_user_user_permissions_id_seq; Type: SEQUENCE; Schema: public; Owner: miusuario
--

ALTER TABLE public.auth_user_user_permissions ALTER COLUMN id ADD GENERATED BY DEFAULT AS IDENTITY (
    SEQUENCE NAME public.auth_user_user_permissions_id_seq
    START WITH 1
    INCREMENT BY 1
    NO MINVALUE
    NO MAXVALUE
    CACHE 1
);


--
-- Name: authtoken_token; Type: TABLE; Schema: public; Owner: miusuario
--

CREATE TABLE public.authtoken_token (
    key character varying(40) NOT NULL,
    created timestamp with time zone NOT NULL,
    user_id integer NOT NULL
);


ALTER TABLE public.authtoken_token OWNER TO miusuario;

--
-- Name: django_admin_log; Type: TABLE; Schema: public; Owner: miusuario
--

CREATE TABLE public.django_admin_log (
    id integer NOT NULL,
    action_time timestamp with time zone NOT NULL,
    object_id text,
    object_repr character varying(200) NOT NULL,
    action_flag smallint NOT NULL,
    change_message text NOT NULL,
    content_type_id integer,
    user_id integer NOT NULL,
    CONSTRAINT django_admin_log_action_flag_check CHECK ((action_flag >= 0))
);


ALTER TABLE public.django_admin_log OWNER TO miusuario;

--
-- Name: django_admin_log_id_seq; Type: SEQUENCE; Schema: public; Owner: miusuario
--

ALTER TABLE public.django_admin_log ALTER COLUMN id ADD GENERATED BY DEFAULT AS IDENTITY (
    SEQUENCE NAME public.django_admin_log_id_seq
    START WITH 1
    INCREMENT BY 1
    NO MINVALUE
    NO MAXVALUE
    CACHE 1
);


--
-- Name: django_content_type; Type: TABLE; Schema: public; Owner: miusuario
--

CREATE TABLE public.django_content_type (
    id integer NOT NULL,
    app_label character varying(100) NOT NULL,
    model character varying(100) NOT NULL
);


ALTER TABLE public.django_content_type OWNER TO miusuario;

--
-- Name: django_content_type_id_seq; Type: SEQUENCE; Schema: public; Owner: miusuario
--

ALTER TABLE public.django_content_type ALTER COLUMN id ADD GENERATED BY DEFAULT AS IDENTITY (
    SEQUENCE NAME public.django_content_type_id_seq
    START WITH 1
    INCREMENT BY 1
    NO MINVALUE
    NO MAXVALUE
    CACHE 1
);


--
-- Name: django_migrations; Type: TABLE; Schema: public; Owner: miusuario
--

CREATE TABLE public.django_migrations (
    id bigint NOT NULL,
    app character varying(255) NOT NULL,
    name character varying(255) NOT NULL,
    applied timestamp with time zone NOT NULL
);


ALTER TABLE public.django_migrations OWNER TO miusuario;

--
-- Name: django_migrations_id_seq; Type: SEQUENCE; Schema: public; Owner: miusuario
--

ALTER TABLE public.django_migrations ALTER COLUMN id ADD GENERATED BY DEFAULT AS IDENTITY (
    SEQUENCE NAME public.django_migrations_id_seq
    START WITH 1
    INCREMENT BY 1
    NO MINVALUE
    NO MAXVALUE
    CACHE 1
);


--
-- Name: django_session; Type: TABLE; Schema: public; Owner: miusuario
--

CREATE TABLE public.django_session (
    session_key character varying(40) NOT NULL,
    session_data text NOT NULL,
    expire_date timestamp with time zone NOT NULL
);


ALTER TABLE public.django_session OWNER TO miusuario;

--
-- Name: django_site; Type: TABLE; Schema: public; Owner: miusuario
--

CREATE TABLE public.django_site (
    id integer NOT NULL,
    domain character varying(100) NOT NULL,
    name character varying(50) NOT NULL
);


ALTER TABLE public.django_site OWNER TO miusuario;

--
-- Name: django_site_id_seq; Type: SEQUENCE; Schema: public; Owner: miusuario
--

ALTER TABLE public.django_site ALTER COLUMN id ADD GENERATED BY DEFAULT AS IDENTITY (
    SEQUENCE NAME public.django_site_id_seq
    START WITH 1
    INCREMENT BY 1
    NO MINVALUE
    NO MAXVALUE
    CACHE 1
);


--
-- Data for Name: api_centralsystem; Type: TABLE DATA; Schema: public; Owner: miusuario
--

COPY public.api_centralsystem (id, name) FROM stdin;
1	EMASA
\.


--
-- Data for Name: api_customuser; Type: TABLE DATA; Schema: public; Owner: miusuario
--

COPY public.api_customuser (id, password, last_login, is_superuser, username, first_name, last_name, email, is_staff, is_active, date_joined, role) FROM stdin;
\.


--
-- Data for Name: api_customuser_groups; Type: TABLE DATA; Schema: public; Owner: miusuario
--

COPY public.api_customuser_groups (id, customuser_id, group_id) FROM stdin;
\.


--
-- Data for Name: api_customuser_user_permissions; Type: TABLE DATA; Schema: public; Owner: miusuario
--

COPY public.api_customuser_user_permissions (id, customuser_id, permission_id) FROM stdin;
\.


--
-- Data for Name: api_machine; Type: TABLE DATA; Schema: public; Owner: miusuario
--

COPY public.api_machine (id, name, is_on, central_id, user_id, gps, predictivo) FROM stdin;
1	Conjunto-mach01	f	1	2	[123.99, 87.65]	t
2	conjunto2-mach001	t	1	2	[45.76, 44.99]	t
3	machine1	f	1	3	[55.33, 98.66]	t
\.


--
-- Data for Name: api_programador; Type: TABLE DATA; Schema: public; Owner: miusuario
--

COPY public.api_programador (id, "Usuario", "Clave", "Email") FROM stdin;
\.


--
-- Data for Name: api_registro; Type: TABLE DATA; Schema: public; Owner: miusuario
--

COPY public.api_registro (id, "Fecha", "TimeStamp", "Pressure", "Current", "Temperature", "Voltage", machine_id) FROM stdin;
1	2025-03-25	2025-03-25 14:17:05.626024+00	1	1	1	1	1
2	2025-03-25	2025-03-25 14:17:12.497732+00	2	3	1	1	1
3	2025-03-25	2025-03-25 14:51:16.745961+00	1	1	1	1	3
4	2025-03-25	2025-03-25 14:51:56.873062+00	0	0	0	0	2
\.


--
-- Data for Name: auth_group; Type: TABLE DATA; Schema: public; Owner: miusuario
--

COPY public.auth_group (id, name) FROM stdin;
\.


--
-- Data for Name: auth_group_permissions; Type: TABLE DATA; Schema: public; Owner: miusuario
--

COPY public.auth_group_permissions (id, group_id, permission_id) FROM stdin;
\.


--
-- Data for Name: auth_permission; Type: TABLE DATA; Schema: public; Owner: miusuario
--

COPY public.auth_permission (id, name, content_type_id, codename) FROM stdin;
1	Can add log entry	1	add_logentry
2	Can change log entry	1	change_logentry
3	Can delete log entry	1	delete_logentry
4	Can view log entry	1	view_logentry
5	Can add permission	2	add_permission
6	Can change permission	2	change_permission
7	Can delete permission	2	delete_permission
8	Can view permission	2	view_permission
9	Can add group	3	add_group
10	Can change group	3	change_group
11	Can delete group	3	delete_group
12	Can view group	3	view_group
13	Can add user	4	add_user
14	Can change user	4	change_user
15	Can delete user	4	delete_user
16	Can view user	4	view_user
17	Can add content type	5	add_contenttype
18	Can change content type	5	change_contenttype
19	Can delete content type	5	delete_contenttype
20	Can view content type	5	view_contenttype
21	Can add session	6	add_session
22	Can change session	6	change_session
23	Can delete session	6	delete_session
24	Can view session	6	view_session
25	Can add site	7	add_site
26	Can change site	7	change_site
27	Can delete site	7	delete_site
28	Can view site	7	view_site
29	Can add Token	8	add_token
30	Can change Token	8	change_token
31	Can delete Token	8	delete_token
32	Can view Token	8	view_token
33	Can add Token	9	add_tokenproxy
34	Can change Token	9	change_tokenproxy
35	Can delete Token	9	delete_tokenproxy
36	Can view Token	9	view_tokenproxy
37	Can add programador	10	add_programador
38	Can change programador	10	change_programador
39	Can delete programador	10	delete_programador
40	Can view programador	10	view_programador
41	Can add central system	11	add_centralsystem
42	Can change central system	11	change_centralsystem
43	Can delete central system	11	delete_centralsystem
44	Can view central system	11	view_centralsystem
45	Can add user	12	add_customuser
46	Can change user	12	change_customuser
47	Can delete user	12	delete_customuser
48	Can view user	12	view_customuser
49	Can add machine	13	add_machine
50	Can change machine	13	change_machine
51	Can delete machine	13	delete_machine
52	Can view machine	13	view_machine
53	Can add registro	14	add_registro
54	Can change registro	14	change_registro
55	Can delete registro	14	delete_registro
56	Can view registro	14	view_registro
\.


--
-- Data for Name: auth_user; Type: TABLE DATA; Schema: public; Owner: miusuario
--

COPY public.auth_user (id, password, last_login, is_superuser, username, first_name, last_name, email, is_staff, is_active, date_joined) FROM stdin;
2	pbkdf2_sha256$870000$WVwhZ9h76IZ53PrLdVO7ky$ea71Sx4ZOp7Epz5qR0fvMzqp9zz6VXhH5/mydFYtui8=	\N	f	normaluser			isnormaluser@gmail.com	f	t	2025-03-21 20:56:38.376941+00
3	pbkdf2_sha256$870000$42NbqY9HnB7Zclp1PXoTGC$YspWUvIORkNO0KbtESeQDstr6LlPcUasmn+vXgUSjBs=	\N	f	noPermi	Mario	Fernandez	nouserpermi@gmail.com	f	t	2025-03-25 14:48:29.493093+00
1	pbkdf2_sha256$870000$nJzTQgrX9z6YnWIwpCgFgZ$BicVbU0s26BycN+mWOR81iWMgygwLAX0OCgWlA/D7Co=	2025-03-25 15:53:28+00	t	EMASADOCK	Emasa	Admin	emasadock@gmail.com	t	t	2025-03-21 20:32:48+00
\.


--
-- Data for Name: auth_user_groups; Type: TABLE DATA; Schema: public; Owner: miusuario
--

COPY public.auth_user_groups (id, user_id, group_id) FROM stdin;
\.


--
-- Data for Name: auth_user_user_permissions; Type: TABLE DATA; Schema: public; Owner: miusuario
--

COPY public.auth_user_user_permissions (id, user_id, permission_id) FROM stdin;
\.


--
-- Data for Name: authtoken_token; Type: TABLE DATA; Schema: public; Owner: miusuario
--

COPY public.authtoken_token (key, created, user_id) FROM stdin;
b237357f3c576d98769b981cf906cee9a8cde470	2025-03-21 20:33:38.369336+00	1
397098fcf1cb8ca01bccc2f2dedfe5c2ab18eafe	2025-03-21 20:58:44.175957+00	2
c9418f558ac4bdc722af81e01db415d35b54b32c	2025-03-25 14:49:28.904024+00	3
\.


--
-- Data for Name: django_admin_log; Type: TABLE DATA; Schema: public; Owner: miusuario
--

COPY public.django_admin_log (id, action_time, object_id, object_repr, action_flag, change_message, content_type_id, user_id) FROM stdin;
1	2025-03-21 20:58:23.365891+00	2	normaluser	2	[{"changed": {"fields": ["password"]}}]	4	1
2	2025-03-25 14:49:28.905312+00	3	c9418f558ac4bdc722af81e01db415d35b54b32c	1	[{"added": {}}]	9	1
3	2025-03-25 18:55:34.456115+00	1	EMASADOCK	2	[{"changed": {"fields": ["First name", "Last name"]}}]	4	1
4	2025-03-25 18:55:58.083051+00	1	EMASADOCK	2	[{"changed": {"fields": ["Last name"]}}]	4	1
\.


--
-- Data for Name: django_content_type; Type: TABLE DATA; Schema: public; Owner: miusuario
--

COPY public.django_content_type (id, app_label, model) FROM stdin;
1	admin	logentry
2	auth	permission
3	auth	group
4	auth	user
5	contenttypes	contenttype
6	sessions	session
7	sites	site
8	authtoken	token
9	authtoken	tokenproxy
10	api	programador
11	api	centralsystem
12	api	customuser
13	api	machine
14	api	registro
\.


--
-- Data for Name: django_migrations; Type: TABLE DATA; Schema: public; Owner: miusuario
--

COPY public.django_migrations (id, app, name, applied) FROM stdin;
1	contenttypes	0001_initial	2025-03-21 20:28:07.680509+00
2	auth	0001_initial	2025-03-21 20:28:07.786702+00
3	admin	0001_initial	2025-03-21 20:28:07.813568+00
4	admin	0002_logentry_remove_auto_add	2025-03-21 20:28:07.824965+00
5	admin	0003_logentry_add_action_flag_choices	2025-03-21 20:28:07.836512+00
6	contenttypes	0002_remove_content_type_name	2025-03-21 20:28:07.865052+00
7	auth	0002_alter_permission_name_max_length	2025-03-21 20:28:07.88336+00
8	auth	0003_alter_user_email_max_length	2025-03-21 20:28:07.894751+00
9	auth	0004_alter_user_username_opts	2025-03-21 20:28:07.906762+00
10	auth	0005_alter_user_last_login_null	2025-03-21 20:28:07.918606+00
11	auth	0006_require_contenttypes_0002	2025-03-21 20:28:07.920545+00
12	auth	0007_alter_validators_add_error_messages	2025-03-21 20:28:07.931949+00
13	auth	0008_alter_user_username_max_length	2025-03-21 20:28:07.95293+00
14	auth	0009_alter_user_last_name_max_length	2025-03-21 20:28:07.975087+00
15	auth	0010_alter_group_name_max_length	2025-03-21 20:28:07.99464+00
16	auth	0011_update_proxy_permissions	2025-03-21 20:28:08.00873+00
17	auth	0012_alter_user_first_name_max_length	2025-03-21 20:28:08.021943+00
18	api	0001_initial	2025-03-21 20:28:08.030961+00
19	api	0002_programador_datos	2025-03-21 20:28:08.04052+00
20	api	0003_centralsystem_customuser_machine_sensor_sensordata	2025-03-21 20:28:08.179716+00
21	api	0004_remove_sensordata_sensor_remove_programador_datos_and_more	2025-03-21 20:28:08.291008+00
22	authtoken	0001_initial	2025-03-21 20:28:08.319463+00
23	authtoken	0002_auto_20160226_1747	2025-03-21 20:28:08.352366+00
24	authtoken	0003_tokenproxy	2025-03-21 20:28:08.355145+00
25	authtoken	0004_alter_tokenproxy_options	2025-03-21 20:28:08.359933+00
26	sessions	0001_initial	2025-03-21 20:28:08.375778+00
27	sites	0001_initial	2025-03-21 20:28:08.384533+00
28	sites	0002_alter_domain_unique	2025-03-21 20:28:08.39388+00
\.


--
-- Data for Name: django_session; Type: TABLE DATA; Schema: public; Owner: miusuario
--

COPY public.django_session (session_key, session_data, expire_date) FROM stdin;
24ey9s6g8wnzx448sqy4va9vn5pz5iuv	.eJxVjEEOwiAQRe_C2hBgqoBL9z0DGYZBqgaS0q6Md7dNutDtf-_9twi4LiWsnecwJXEVWpx-t4j05LqD9MB6b5JaXeYpyl2RB-1ybIlft8P9OyjYy1azo2zRYlLWMYCGHGO8YHI6MnnNQOC1GxTkc0arcmJvjCGzedZ6P4jPFwlrOGs:1tvjRf:chdjbvHJWbVli6IlOQ3Pt9zuwd_b1qkrzOShlOdf83k	2025-04-04 20:58:23.375484+00
zfu1dlnd5opbfsfsml8zokkrsy24ektq	.eJxVjEEOwiAQRe_C2hBgqoBL9z0DGYZBqgaS0q6Md7dNutDtf-_9twi4LiWsnecwJXEVWpx-t4j05LqD9MB6b5JaXeYpyl2RB-1ybIlft8P9OyjYy1azo2zRYlLWMYCGHGO8YHI6MnnNQOC1GxTkc0arcmJvjCGzedZ6P4jPFwlrOGs:1tx6am:XFPc1wzXBRdTmtg0O6PJWdsF0feczq0xafltnLu6ss4	2025-04-08 15:53:28.63535+00
\.


--
-- Data for Name: django_site; Type: TABLE DATA; Schema: public; Owner: miusuario
--

COPY public.django_site (id, domain, name) FROM stdin;
1	localhost:8000	localhost
2	192.168.18.118:8000	VM-django
\.


--
-- Name: api_centralsystem_id_seq; Type: SEQUENCE SET; Schema: public; Owner: miusuario
--

SELECT pg_catalog.setval('public.api_centralsystem_id_seq', 1, true);


--
-- Name: api_customuser_groups_id_seq; Type: SEQUENCE SET; Schema: public; Owner: miusuario
--

SELECT pg_catalog.setval('public.api_customuser_groups_id_seq', 1, false);


--
-- Name: api_customuser_id_seq; Type: SEQUENCE SET; Schema: public; Owner: miusuario
--

SELECT pg_catalog.setval('public.api_customuser_id_seq', 1, false);


--
-- Name: api_customuser_user_permissions_id_seq; Type: SEQUENCE SET; Schema: public; Owner: miusuario
--

SELECT pg_catalog.setval('public.api_customuser_user_permissions_id_seq', 1, false);


--
-- Name: api_machine_id_seq; Type: SEQUENCE SET; Schema: public; Owner: miusuario
--

SELECT pg_catalog.setval('public.api_machine_id_seq', 3, true);


--
-- Name: api_programador_id_seq; Type: SEQUENCE SET; Schema: public; Owner: miusuario
--

SELECT pg_catalog.setval('public.api_programador_id_seq', 1, false);


--
-- Name: api_registro_id_seq; Type: SEQUENCE SET; Schema: public; Owner: miusuario
--

SELECT pg_catalog.setval('public.api_registro_id_seq', 4, true);


--
-- Name: auth_group_id_seq; Type: SEQUENCE SET; Schema: public; Owner: miusuario
--

SELECT pg_catalog.setval('public.auth_group_id_seq', 1, false);


--
-- Name: auth_group_permissions_id_seq; Type: SEQUENCE SET; Schema: public; Owner: miusuario
--

SELECT pg_catalog.setval('public.auth_group_permissions_id_seq', 1, false);


--
-- Name: auth_permission_id_seq; Type: SEQUENCE SET; Schema: public; Owner: miusuario
--

SELECT pg_catalog.setval('public.auth_permission_id_seq', 56, true);


--
-- Name: auth_user_groups_id_seq; Type: SEQUENCE SET; Schema: public; Owner: miusuario
--

SELECT pg_catalog.setval('public.auth_user_groups_id_seq', 1, false);


--
-- Name: auth_user_id_seq; Type: SEQUENCE SET; Schema: public; Owner: miusuario
--

SELECT pg_catalog.setval('public.auth_user_id_seq', 3, true);


--
-- Name: auth_user_user_permissions_id_seq; Type: SEQUENCE SET; Schema: public; Owner: miusuario
--

SELECT pg_catalog.setval('public.auth_user_user_permissions_id_seq', 1, false);


--
-- Name: django_admin_log_id_seq; Type: SEQUENCE SET; Schema: public; Owner: miusuario
--

SELECT pg_catalog.setval('public.django_admin_log_id_seq', 4, true);


--
-- Name: django_content_type_id_seq; Type: SEQUENCE SET; Schema: public; Owner: miusuario
--

SELECT pg_catalog.setval('public.django_content_type_id_seq', 14, true);


--
-- Name: django_migrations_id_seq; Type: SEQUENCE SET; Schema: public; Owner: miusuario
--

SELECT pg_catalog.setval('public.django_migrations_id_seq', 28, true);


--
-- Name: django_site_id_seq; Type: SEQUENCE SET; Schema: public; Owner: miusuario
--

SELECT pg_catalog.setval('public.django_site_id_seq', 2, true);


--
-- Name: api_centralsystem api_centralsystem_pkey; Type: CONSTRAINT; Schema: public; Owner: miusuario
--

ALTER TABLE ONLY public.api_centralsystem
    ADD CONSTRAINT api_centralsystem_pkey PRIMARY KEY (id);


--
-- Name: api_customuser_groups api_customuser_groups_customuser_id_group_id_d5b0c2ab_uniq; Type: CONSTRAINT; Schema: public; Owner: miusuario
--

ALTER TABLE ONLY public.api_customuser_groups
    ADD CONSTRAINT api_customuser_groups_customuser_id_group_id_d5b0c2ab_uniq UNIQUE (customuser_id, group_id);


--
-- Name: api_customuser_groups api_customuser_groups_pkey; Type: CONSTRAINT; Schema: public; Owner: miusuario
--

ALTER TABLE ONLY public.api_customuser_groups
    ADD CONSTRAINT api_customuser_groups_pkey PRIMARY KEY (id);


--
-- Name: api_customuser api_customuser_pkey; Type: CONSTRAINT; Schema: public; Owner: miusuario
--

ALTER TABLE ONLY public.api_customuser
    ADD CONSTRAINT api_customuser_pkey PRIMARY KEY (id);


--
-- Name: api_customuser_user_permissions api_customuser_user_perm_customuser_id_permission_9deacd8d_uniq; Type: CONSTRAINT; Schema: public; Owner: miusuario
--

ALTER TABLE ONLY public.api_customuser_user_permissions
    ADD CONSTRAINT api_customuser_user_perm_customuser_id_permission_9deacd8d_uniq UNIQUE (customuser_id, permission_id);


--
-- Name: api_customuser_user_permissions api_customuser_user_permissions_pkey; Type: CONSTRAINT; Schema: public; Owner: miusuario
--

ALTER TABLE ONLY public.api_customuser_user_permissions
    ADD CONSTRAINT api_customuser_user_permissions_pkey PRIMARY KEY (id);


--
-- Name: api_customuser api_customuser_username_key; Type: CONSTRAINT; Schema: public; Owner: miusuario
--

ALTER TABLE ONLY public.api_customuser
    ADD CONSTRAINT api_customuser_username_key UNIQUE (username);


--
-- Name: api_machine api_machine_pkey; Type: CONSTRAINT; Schema: public; Owner: miusuario
--

ALTER TABLE ONLY public.api_machine
    ADD CONSTRAINT api_machine_pkey PRIMARY KEY (id);


--
-- Name: api_programador api_programador_Email_key; Type: CONSTRAINT; Schema: public; Owner: miusuario
--

ALTER TABLE ONLY public.api_programador
    ADD CONSTRAINT "api_programador_Email_key" UNIQUE ("Email");


--
-- Name: api_programador api_programador_pkey; Type: CONSTRAINT; Schema: public; Owner: miusuario
--

ALTER TABLE ONLY public.api_programador
    ADD CONSTRAINT api_programador_pkey PRIMARY KEY (id);


--
-- Name: api_registro api_registro_pkey; Type: CONSTRAINT; Schema: public; Owner: miusuario
--

ALTER TABLE ONLY public.api_registro
    ADD CONSTRAINT api_registro_pkey PRIMARY KEY (id);


--
-- Name: auth_group auth_group_name_key; Type: CONSTRAINT; Schema: public; Owner: miusuario
--

ALTER TABLE ONLY public.auth_group
    ADD CONSTRAINT auth_group_name_key UNIQUE (name);


--
-- Name: auth_group_permissions auth_group_permissions_group_id_permission_id_0cd325b0_uniq; Type: CONSTRAINT; Schema: public; Owner: miusuario
--

ALTER TABLE ONLY public.auth_group_permissions
    ADD CONSTRAINT auth_group_permissions_group_id_permission_id_0cd325b0_uniq UNIQUE (group_id, permission_id);


--
-- Name: auth_group_permissions auth_group_permissions_pkey; Type: CONSTRAINT; Schema: public; Owner: miusuario
--

ALTER TABLE ONLY public.auth_group_permissions
    ADD CONSTRAINT auth_group_permissions_pkey PRIMARY KEY (id);


--
-- Name: auth_group auth_group_pkey; Type: CONSTRAINT; Schema: public; Owner: miusuario
--

ALTER TABLE ONLY public.auth_group
    ADD CONSTRAINT auth_group_pkey PRIMARY KEY (id);


--
-- Name: auth_permission auth_permission_content_type_id_codename_01ab375a_uniq; Type: CONSTRAINT; Schema: public; Owner: miusuario
--

ALTER TABLE ONLY public.auth_permission
    ADD CONSTRAINT auth_permission_content_type_id_codename_01ab375a_uniq UNIQUE (content_type_id, codename);


--
-- Name: auth_permission auth_permission_pkey; Type: CONSTRAINT; Schema: public; Owner: miusuario
--

ALTER TABLE ONLY public.auth_permission
    ADD CONSTRAINT auth_permission_pkey PRIMARY KEY (id);


--
-- Name: auth_user_groups auth_user_groups_pkey; Type: CONSTRAINT; Schema: public; Owner: miusuario
--

ALTER TABLE ONLY public.auth_user_groups
    ADD CONSTRAINT auth_user_groups_pkey PRIMARY KEY (id);


--
-- Name: auth_user_groups auth_user_groups_user_id_group_id_94350c0c_uniq; Type: CONSTRAINT; Schema: public; Owner: miusuario
--

ALTER TABLE ONLY public.auth_user_groups
    ADD CONSTRAINT auth_user_groups_user_id_group_id_94350c0c_uniq UNIQUE (user_id, group_id);


--
-- Name: auth_user auth_user_pkey; Type: CONSTRAINT; Schema: public; Owner: miusuario
--

ALTER TABLE ONLY public.auth_user
    ADD CONSTRAINT auth_user_pkey PRIMARY KEY (id);


--
-- Name: auth_user_user_permissions auth_user_user_permissions_pkey; Type: CONSTRAINT; Schema: public; Owner: miusuario
--

ALTER TABLE ONLY public.auth_user_user_permissions
    ADD CONSTRAINT auth_user_user_permissions_pkey PRIMARY KEY (id);


--
-- Name: auth_user_user_permissions auth_user_user_permissions_user_id_permission_id_14a6b632_uniq; Type: CONSTRAINT; Schema: public; Owner: miusuario
--

ALTER TABLE ONLY public.auth_user_user_permissions
    ADD CONSTRAINT auth_user_user_permissions_user_id_permission_id_14a6b632_uniq UNIQUE (user_id, permission_id);


--
-- Name: auth_user auth_user_username_key; Type: CONSTRAINT; Schema: public; Owner: miusuario
--

ALTER TABLE ONLY public.auth_user
    ADD CONSTRAINT auth_user_username_key UNIQUE (username);


--
-- Name: authtoken_token authtoken_token_pkey; Type: CONSTRAINT; Schema: public; Owner: miusuario
--

ALTER TABLE ONLY public.authtoken_token
    ADD CONSTRAINT authtoken_token_pkey PRIMARY KEY (key);


--
-- Name: authtoken_token authtoken_token_user_id_key; Type: CONSTRAINT; Schema: public; Owner: miusuario
--

ALTER TABLE ONLY public.authtoken_token
    ADD CONSTRAINT authtoken_token_user_id_key UNIQUE (user_id);


--
-- Name: django_admin_log django_admin_log_pkey; Type: CONSTRAINT; Schema: public; Owner: miusuario
--

ALTER TABLE ONLY public.django_admin_log
    ADD CONSTRAINT django_admin_log_pkey PRIMARY KEY (id);


--
-- Name: django_content_type django_content_type_app_label_model_76bd3d3b_uniq; Type: CONSTRAINT; Schema: public; Owner: miusuario
--

ALTER TABLE ONLY public.django_content_type
    ADD CONSTRAINT django_content_type_app_label_model_76bd3d3b_uniq UNIQUE (app_label, model);


--
-- Name: django_content_type django_content_type_pkey; Type: CONSTRAINT; Schema: public; Owner: miusuario
--

ALTER TABLE ONLY public.django_content_type
    ADD CONSTRAINT django_content_type_pkey PRIMARY KEY (id);


--
-- Name: django_migrations django_migrations_pkey; Type: CONSTRAINT; Schema: public; Owner: miusuario
--

ALTER TABLE ONLY public.django_migrations
    ADD CONSTRAINT django_migrations_pkey PRIMARY KEY (id);


--
-- Name: django_session django_session_pkey; Type: CONSTRAINT; Schema: public; Owner: miusuario
--

ALTER TABLE ONLY public.django_session
    ADD CONSTRAINT django_session_pkey PRIMARY KEY (session_key);


--
-- Name: django_site django_site_domain_a2e37b91_uniq; Type: CONSTRAINT; Schema: public; Owner: miusuario
--

ALTER TABLE ONLY public.django_site
    ADD CONSTRAINT django_site_domain_a2e37b91_uniq UNIQUE (domain);


--
-- Name: django_site django_site_pkey; Type: CONSTRAINT; Schema: public; Owner: miusuario
--

ALTER TABLE ONLY public.django_site
    ADD CONSTRAINT django_site_pkey PRIMARY KEY (id);


--
-- Name: api_customuser_groups_customuser_id_9eb4b783; Type: INDEX; Schema: public; Owner: miusuario
--

CREATE INDEX api_customuser_groups_customuser_id_9eb4b783 ON public.api_customuser_groups USING btree (customuser_id);


--
-- Name: api_customuser_groups_group_id_f049027c; Type: INDEX; Schema: public; Owner: miusuario
--

CREATE INDEX api_customuser_groups_group_id_f049027c ON public.api_customuser_groups USING btree (group_id);


--
-- Name: api_customuser_user_permissions_customuser_id_5365c9ba; Type: INDEX; Schema: public; Owner: miusuario
--

CREATE INDEX api_customuser_user_permissions_customuser_id_5365c9ba ON public.api_customuser_user_permissions USING btree (customuser_id);


--
-- Name: api_customuser_user_permissions_permission_id_8735d73e; Type: INDEX; Schema: public; Owner: miusuario
--

CREATE INDEX api_customuser_user_permissions_permission_id_8735d73e ON public.api_customuser_user_permissions USING btree (permission_id);


--
-- Name: api_customuser_username_f5ae5d7f_like; Type: INDEX; Schema: public; Owner: miusuario
--

CREATE INDEX api_customuser_username_f5ae5d7f_like ON public.api_customuser USING btree (username varchar_pattern_ops);


--
-- Name: api_machine_central_id_1cc53d11; Type: INDEX; Schema: public; Owner: miusuario
--

CREATE INDEX api_machine_central_id_1cc53d11 ON public.api_machine USING btree (central_id);


--
-- Name: api_machine_user_id_ca27c5e5; Type: INDEX; Schema: public; Owner: miusuario
--

CREATE INDEX api_machine_user_id_ca27c5e5 ON public.api_machine USING btree (user_id);


--
-- Name: api_programador_Email_5f451e91_like; Type: INDEX; Schema: public; Owner: miusuario
--

CREATE INDEX "api_programador_Email_5f451e91_like" ON public.api_programador USING btree ("Email" varchar_pattern_ops);


--
-- Name: api_registro_machine_id_0616f0c9; Type: INDEX; Schema: public; Owner: miusuario
--

CREATE INDEX api_registro_machine_id_0616f0c9 ON public.api_registro USING btree (machine_id);


--
-- Name: auth_group_name_a6ea08ec_like; Type: INDEX; Schema: public; Owner: miusuario
--

CREATE INDEX auth_group_name_a6ea08ec_like ON public.auth_group USING btree (name varchar_pattern_ops);


--
-- Name: auth_group_permissions_group_id_b120cbf9; Type: INDEX; Schema: public; Owner: miusuario
--

CREATE INDEX auth_group_permissions_group_id_b120cbf9 ON public.auth_group_permissions USING btree (group_id);


--
-- Name: auth_group_permissions_permission_id_84c5c92e; Type: INDEX; Schema: public; Owner: miusuario
--

CREATE INDEX auth_group_permissions_permission_id_84c5c92e ON public.auth_group_permissions USING btree (permission_id);


--
-- Name: auth_permission_content_type_id_2f476e4b; Type: INDEX; Schema: public; Owner: miusuario
--

CREATE INDEX auth_permission_content_type_id_2f476e4b ON public.auth_permission USING btree (content_type_id);


--
-- Name: auth_user_groups_group_id_97559544; Type: INDEX; Schema: public; Owner: miusuario
--

CREATE INDEX auth_user_groups_group_id_97559544 ON public.auth_user_groups USING btree (group_id);


--
-- Name: auth_user_groups_user_id_6a12ed8b; Type: INDEX; Schema: public; Owner: miusuario
--

CREATE INDEX auth_user_groups_user_id_6a12ed8b ON public.auth_user_groups USING btree (user_id);


--
-- Name: auth_user_user_permissions_permission_id_1fbb5f2c; Type: INDEX; Schema: public; Owner: miusuario
--

CREATE INDEX auth_user_user_permissions_permission_id_1fbb5f2c ON public.auth_user_user_permissions USING btree (permission_id);


--
-- Name: auth_user_user_permissions_user_id_a95ead1b; Type: INDEX; Schema: public; Owner: miusuario
--

CREATE INDEX auth_user_user_permissions_user_id_a95ead1b ON public.auth_user_user_permissions USING btree (user_id);


--
-- Name: auth_user_username_6821ab7c_like; Type: INDEX; Schema: public; Owner: miusuario
--

CREATE INDEX auth_user_username_6821ab7c_like ON public.auth_user USING btree (username varchar_pattern_ops);


--
-- Name: authtoken_token_key_10f0b77e_like; Type: INDEX; Schema: public; Owner: miusuario
--

CREATE INDEX authtoken_token_key_10f0b77e_like ON public.authtoken_token USING btree (key varchar_pattern_ops);


--
-- Name: django_admin_log_content_type_id_c4bce8eb; Type: INDEX; Schema: public; Owner: miusuario
--

CREATE INDEX django_admin_log_content_type_id_c4bce8eb ON public.django_admin_log USING btree (content_type_id);


--
-- Name: django_admin_log_user_id_c564eba6; Type: INDEX; Schema: public; Owner: miusuario
--

CREATE INDEX django_admin_log_user_id_c564eba6 ON public.django_admin_log USING btree (user_id);


--
-- Name: django_session_expire_date_a5c62663; Type: INDEX; Schema: public; Owner: miusuario
--

CREATE INDEX django_session_expire_date_a5c62663 ON public.django_session USING btree (expire_date);


--
-- Name: django_session_session_key_c0390e0f_like; Type: INDEX; Schema: public; Owner: miusuario
--

CREATE INDEX django_session_session_key_c0390e0f_like ON public.django_session USING btree (session_key varchar_pattern_ops);


--
-- Name: django_site_domain_a2e37b91_like; Type: INDEX; Schema: public; Owner: miusuario
--

CREATE INDEX django_site_domain_a2e37b91_like ON public.django_site USING btree (domain varchar_pattern_ops);


--
-- Name: api_customuser_groups api_customuser_group_customuser_id_9eb4b783_fk_api_custo; Type: FK CONSTRAINT; Schema: public; Owner: miusuario
--

ALTER TABLE ONLY public.api_customuser_groups
    ADD CONSTRAINT api_customuser_group_customuser_id_9eb4b783_fk_api_custo FOREIGN KEY (customuser_id) REFERENCES public.api_customuser(id) DEFERRABLE INITIALLY DEFERRED;


--
-- Name: api_customuser_groups api_customuser_groups_group_id_f049027c_fk_auth_group_id; Type: FK CONSTRAINT; Schema: public; Owner: miusuario
--

ALTER TABLE ONLY public.api_customuser_groups
    ADD CONSTRAINT api_customuser_groups_group_id_f049027c_fk_auth_group_id FOREIGN KEY (group_id) REFERENCES public.auth_group(id) DEFERRABLE INITIALLY DEFERRED;


--
-- Name: api_customuser_user_permissions api_customuser_user__customuser_id_5365c9ba_fk_api_custo; Type: FK CONSTRAINT; Schema: public; Owner: miusuario
--

ALTER TABLE ONLY public.api_customuser_user_permissions
    ADD CONSTRAINT api_customuser_user__customuser_id_5365c9ba_fk_api_custo FOREIGN KEY (customuser_id) REFERENCES public.api_customuser(id) DEFERRABLE INITIALLY DEFERRED;


--
-- Name: api_customuser_user_permissions api_customuser_user__permission_id_8735d73e_fk_auth_perm; Type: FK CONSTRAINT; Schema: public; Owner: miusuario
--

ALTER TABLE ONLY public.api_customuser_user_permissions
    ADD CONSTRAINT api_customuser_user__permission_id_8735d73e_fk_auth_perm FOREIGN KEY (permission_id) REFERENCES public.auth_permission(id) DEFERRABLE INITIALLY DEFERRED;


--
-- Name: api_machine api_machine_central_id_1cc53d11_fk_api_centralsystem_id; Type: FK CONSTRAINT; Schema: public; Owner: miusuario
--

ALTER TABLE ONLY public.api_machine
    ADD CONSTRAINT api_machine_central_id_1cc53d11_fk_api_centralsystem_id FOREIGN KEY (central_id) REFERENCES public.api_centralsystem(id) DEFERRABLE INITIALLY DEFERRED;


--
-- Name: api_machine api_machine_user_id_ca27c5e5_fk_auth_user_id; Type: FK CONSTRAINT; Schema: public; Owner: miusuario
--

ALTER TABLE ONLY public.api_machine
    ADD CONSTRAINT api_machine_user_id_ca27c5e5_fk_auth_user_id FOREIGN KEY (user_id) REFERENCES public.auth_user(id) DEFERRABLE INITIALLY DEFERRED;


--
-- Name: api_registro api_registro_machine_id_0616f0c9_fk_api_machine_id; Type: FK CONSTRAINT; Schema: public; Owner: miusuario
--

ALTER TABLE ONLY public.api_registro
    ADD CONSTRAINT api_registro_machine_id_0616f0c9_fk_api_machine_id FOREIGN KEY (machine_id) REFERENCES public.api_machine(id) DEFERRABLE INITIALLY DEFERRED;


--
-- Name: auth_group_permissions auth_group_permissio_permission_id_84c5c92e_fk_auth_perm; Type: FK CONSTRAINT; Schema: public; Owner: miusuario
--

ALTER TABLE ONLY public.auth_group_permissions
    ADD CONSTRAINT auth_group_permissio_permission_id_84c5c92e_fk_auth_perm FOREIGN KEY (permission_id) REFERENCES public.auth_permission(id) DEFERRABLE INITIALLY DEFERRED;


--
-- Name: auth_group_permissions auth_group_permissions_group_id_b120cbf9_fk_auth_group_id; Type: FK CONSTRAINT; Schema: public; Owner: miusuario
--

ALTER TABLE ONLY public.auth_group_permissions
    ADD CONSTRAINT auth_group_permissions_group_id_b120cbf9_fk_auth_group_id FOREIGN KEY (group_id) REFERENCES public.auth_group(id) DEFERRABLE INITIALLY DEFERRED;


--
-- Name: auth_permission auth_permission_content_type_id_2f476e4b_fk_django_co; Type: FK CONSTRAINT; Schema: public; Owner: miusuario
--

ALTER TABLE ONLY public.auth_permission
    ADD CONSTRAINT auth_permission_content_type_id_2f476e4b_fk_django_co FOREIGN KEY (content_type_id) REFERENCES public.django_content_type(id) DEFERRABLE INITIALLY DEFERRED;


--
-- Name: auth_user_groups auth_user_groups_group_id_97559544_fk_auth_group_id; Type: FK CONSTRAINT; Schema: public; Owner: miusuario
--

ALTER TABLE ONLY public.auth_user_groups
    ADD CONSTRAINT auth_user_groups_group_id_97559544_fk_auth_group_id FOREIGN KEY (group_id) REFERENCES public.auth_group(id) DEFERRABLE INITIALLY DEFERRED;


--
-- Name: auth_user_groups auth_user_groups_user_id_6a12ed8b_fk_auth_user_id; Type: FK CONSTRAINT; Schema: public; Owner: miusuario
--

ALTER TABLE ONLY public.auth_user_groups
    ADD CONSTRAINT auth_user_groups_user_id_6a12ed8b_fk_auth_user_id FOREIGN KEY (user_id) REFERENCES public.auth_user(id) DEFERRABLE INITIALLY DEFERRED;


--
-- Name: auth_user_user_permissions auth_user_user_permi_permission_id_1fbb5f2c_fk_auth_perm; Type: FK CONSTRAINT; Schema: public; Owner: miusuario
--

ALTER TABLE ONLY public.auth_user_user_permissions
    ADD CONSTRAINT auth_user_user_permi_permission_id_1fbb5f2c_fk_auth_perm FOREIGN KEY (permission_id) REFERENCES public.auth_permission(id) DEFERRABLE INITIALLY DEFERRED;


--
-- Name: auth_user_user_permissions auth_user_user_permissions_user_id_a95ead1b_fk_auth_user_id; Type: FK CONSTRAINT; Schema: public; Owner: miusuario
--

ALTER TABLE ONLY public.auth_user_user_permissions
    ADD CONSTRAINT auth_user_user_permissions_user_id_a95ead1b_fk_auth_user_id FOREIGN KEY (user_id) REFERENCES public.auth_user(id) DEFERRABLE INITIALLY DEFERRED;


--
-- Name: authtoken_token authtoken_token_user_id_35299eff_fk_auth_user_id; Type: FK CONSTRAINT; Schema: public; Owner: miusuario
--

ALTER TABLE ONLY public.authtoken_token
    ADD CONSTRAINT authtoken_token_user_id_35299eff_fk_auth_user_id FOREIGN KEY (user_id) REFERENCES public.auth_user(id) DEFERRABLE INITIALLY DEFERRED;


--
-- Name: django_admin_log django_admin_log_content_type_id_c4bce8eb_fk_django_co; Type: FK CONSTRAINT; Schema: public; Owner: miusuario
--

ALTER TABLE ONLY public.django_admin_log
    ADD CONSTRAINT django_admin_log_content_type_id_c4bce8eb_fk_django_co FOREIGN KEY (content_type_id) REFERENCES public.django_content_type(id) DEFERRABLE INITIALLY DEFERRED;


--
-- Name: django_admin_log django_admin_log_user_id_c564eba6_fk_auth_user_id; Type: FK CONSTRAINT; Schema: public; Owner: miusuario
--

ALTER TABLE ONLY public.django_admin_log
    ADD CONSTRAINT django_admin_log_user_id_c564eba6_fk_auth_user_id FOREIGN KEY (user_id) REFERENCES public.auth_user(id) DEFERRABLE INITIALLY DEFERRED;


--
-- PostgreSQL database dump complete
--

--
-- Database "postgres" dump
--

\connect postgres

--
-- PostgreSQL database dump
--

-- Dumped from database version 13.20 (Debian 13.20-1.pgdg120+1)
-- Dumped by pg_dump version 13.20 (Debian 13.20-1.pgdg120+1)

SET statement_timeout = 0;
SET lock_timeout = 0;
SET idle_in_transaction_session_timeout = 0;
SET client_encoding = 'UTF8';
SET standard_conforming_strings = on;
SELECT pg_catalog.set_config('search_path', '', false);
SET check_function_bodies = false;
SET xmloption = content;
SET client_min_messages = warning;
SET row_security = off;

--
-- PostgreSQL database dump complete
--

--
-- PostgreSQL database cluster dump complete
--

